Code article;Qte Stocks;Qte En Cdes;DateJour;HeureJour;
0000000000001;13;0;26/12/2018;17h04;
0000000000002;6;0;26/12/2018;17h04;
0000000000003;7;0;26/12/2018;17h04;
0000000000004;0;0;26/12/2018;17h04;
0000000000006;3;0;26/12/2018;17h04;
0000000000007;10;0;26/12/2018;17h04;
0000000000008;0;0;26/12/2018;17h04;
0000000000009;19;0;26/12/2018;17h04;
0000000000014;0;0;26/12/2018;17h04;
0000000000015;-2;0;26/12/2018;17h04;
0000000000017;12;0;26/12/2018;17h04;
0000000000018;15;0;26/12/2018;17h04;
0000000000019;23;0;26/12/2018;17h04;
0000000000020;8;0;26/12/2018;17h04;
0000000000021;-3;0;26/12/2018;17h04;
0000000000022;4;0;26/12/2018;17h04;
0000000000023;2;0;26/12/2018;17h04;
0000000000024;69;0;26/12/2018;17h04;
0000000000031;0;0;26/12/2018;17h04;
0000000000032;0;0;26/12/2018;17h04;
0000000000035;0;0;26/12/2018;17h04;
0000000000039;-0.05;0;26/12/2018;17h04;
0000000000041;-1;0;26/12/2018;17h04;
0000000000042;3;0;26/12/2018;17h04;
0000000000043;0;6;26/12/2018;17h04;
0000000000044;4;0;26/12/2018;17h04;
0000000000045;1;0;26/12/2018;17h04;
0000000000046;1;0;26/12/2018;17h04;
0000000000048;7;0;26/12/2018;17h04;
0000000000049;4;0;26/12/2018;17h04;
0000000000050;0;0;26/12/2018;17h04;
0000000000051;-5;12;26/12/2018;17h04;
0000000000052;9;0;26/12/2018;17h04;
0000000000053;1;0;26/12/2018;17h04;
0000000000054;0;0;26/12/2018;17h04;
0000000000055;0;0;26/12/2018;17h04;
0000000000056;1;0;26/12/2018;17h04;
0000000000058;-0.415;0;26/12/2018;17h04;
0000000000059;0;0;26/12/2018;17h04;
0000000000061;29.406;0;26/12/2018;17h04;
0000000000064;36.539;0;26/12/2018;17h04;
0000000000066;0;0;26/12/2018;17h04;
0000000000067;59.215;0;26/12/2018;17h04;
0000000000068;0;0;26/12/2018;17h04;
0000000000069;2.836;0;26/12/2018;17h04;
0000000000073;1;0;26/12/2018;17h04;
0000000000074;116;0;26/12/2018;17h04;
0000000000077;0;0;26/12/2018;17h04;
0000000000078;0;0;26/12/2018;17h04;
0000000000079;0;0;26/12/2018;17h04;
0000000000080;6.586;0;26/12/2018;17h04;
0000000000086;-1;0;26/12/2018;17h04;
0000000000087;0;0;26/12/2018;17h04;
0000000000088;0;0;26/12/2018;17h04;
0000000000089;0;0;26/12/2018;17h04;
0000000000090;0;0;26/12/2018;17h04;
0000000000091;6.635;0;26/12/2018;17h04;
0000000000734;0;0;26/12/2018;17h04;
0000000000772;4.295;0;26/12/2018;17h04;
0000000000789;0;0;26/12/2018;17h04;
0000000007726;-4.045;0;26/12/2018;17h04;
0000000007962;0;0;26/12/2018;17h04;
0000000077262;13.715;0;26/12/2018;17h04;
0000000078948;0.585;0;26/12/2018;17h04;
0000000079624;0;0;26/12/2018;17h04;
0000000203442;4.686;0;26/12/2018;17h04;
0000000772624;-1;0;26/12/2018;17h04;
0000000789486;2.012;0;26/12/2018;17h04;
0000000796248;0;0;26/12/2018;17h04;
0000002218216;-3.636;0;26/12/2018;17h04;
0000002218253;1.216;0;26/12/2018;17h04;
0000002218294;0.579;0;26/12/2018;17h04;
0000002477010;0;0;26/12/2018;17h04;
0000002488209;3.47;0;26/12/2018;17h04;
0000002488211;4.135;0;26/12/2018;17h04;
0000002951995;4.707;0;26/12/2018;17h04;
0000002951998;0;0;26/12/2018;17h04;
0000007726248;0;0;26/12/2018;17h04;
0000007894862;3.663;0;26/12/2018;17h04;
0000008322190;7;0;26/12/2018;17h04;
0000008322191;2;0;26/12/2018;17h04;
0000008324109;10;0;26/12/2018;17h04;
0000008324110;18.965;0;26/12/2018;17h04;
0000008324111;12.298;0;26/12/2018;17h04;
0000008324112;-1.035;0;26/12/2018;17h04;
0000008324113;49.9;0;26/12/2018;17h04;
0000008324114;-6.54;0;26/12/2018;17h04;
0000008324115;10.4;0;26/12/2018;17h04;
0000008324116;10.06;0;26/12/2018;17h04;
0000008324117;-3.64;0;26/12/2018;17h04;
0000008324118;1.745;0;26/12/2018;17h04;
0000008324119;0.535;0;26/12/2018;17h04;
0000008324120;3.772;0;26/12/2018;17h04;
0000030043602;8;0;26/12/2018;17h04;
0000043906750;0;0;26/12/2018;17h04;
0000077262486;0;0;26/12/2018;17h04;
0000078948624;0;0;26/12/2018;17h04;
0000079624862;6.642;0;26/12/2018;17h04;
0000083241215;0.703;0;26/12/2018;17h04;
0000083241216;11.649;0;26/12/2018;17h04;
0000103414762;0;0;26/12/2018;17h04;
0000103909157;9;0;26/12/2018;17h04;
0000103909158;16;0;26/12/2018;17h04;
0000137088213;25;0;26/12/2018;17h04;
0000150324146;0;0;26/12/2018;17h04;
0000159839354;3;0;26/12/2018;17h04;
0000159839355;2;0;26/12/2018;17h04;
0000159839356;0;0;26/12/2018;17h04;
0000159839357;1;0;26/12/2018;17h04;
0000196171219;3.464;0;26/12/2018;17h04;
0000196171220;5.83;0;26/12/2018;17h04;
0000218198422;0;0;26/12/2018;17h04;
0000218198423;-3.34;0;26/12/2018;17h04;
0000218198424;-1;0;26/12/2018;17h04;
0000218198425;0;0;26/12/2018;17h04;
0000218198426;0;0;26/12/2018;17h04;
0000247846488;0;0;26/12/2018;17h04;
0000247846489;-7;0;26/12/2018;17h04;
0000270423640;7;0;26/12/2018;17h04;
0000270423641;15;0;26/12/2018;17h04;
0000270425856;14.507;0;26/12/2018;17h04;
0000270425858;5.239;0;26/12/2018;17h04;
0000304221946;23;0;26/12/2018;17h04;
0000304221947;23;0;26/12/2018;17h04;
0000304221948;14;0;26/12/2018;17h04;
0000304221949;1;0;26/12/2018;17h04;
0000304221950;12.521;0;26/12/2018;17h04;
0000306582920;5;0;26/12/2018;17h04;
0000441955185;5;0;26/12/2018;17h04;
0000441955186;0;0;26/12/2018;17h04;
0000441955187;7;0;26/12/2018;17h04;
0000441955188;12;0;26/12/2018;17h04;
0000441955189;1.586;0;26/12/2018;17h04;
0000441955191;0;0;26/12/2018;17h04;
0000441955192;0;0;26/12/2018;17h04;
0000441955193;7;0;26/12/2018;17h04;
0000441955194;4;0;26/12/2018;17h04;
0000441955199;0;0;26/12/2018;17h04;
0000441955201;70.03;0;26/12/2018;17h04;
0000441955202;36.545;0;26/12/2018;17h04;
0000441955203;10;0;26/12/2018;17h04;
0000441955204;0;0;26/12/2018;17h04;
0000441955205;31;0;26/12/2018;17h04;
0000441955207;0;0;26/12/2018;17h04;
0000441955208;0;0;26/12/2018;17h04;
0000441955216;5;0;26/12/2018;17h04;
0000441955226;0.635;0;26/12/2018;17h04;
0000443205548;0;0;26/12/2018;17h04;
0000443205549;0;0;26/12/2018;17h04;
0000570403163;-3.579;15;26/12/2018;17h04;
0000570403165;0;0;26/12/2018;17h04;
0000570403166;14;0;26/12/2018;17h04;
0000570403167;0;0;26/12/2018;17h04;
0000570403168;0;0;26/12/2018;17h04;
0000570403171;11;0;26/12/2018;17h04;
0000570403172;1;0;26/12/2018;17h04;
0000570403173;0;0;26/12/2018;17h04;
0000570403174;3;0;26/12/2018;17h04;
0000570403177;0;0;26/12/2018;17h04;
0000570403179;0;0;26/12/2018;17h04;
0000570403180;-22;0;26/12/2018;17h04;
0000570403181;-19;0;26/12/2018;17h04;
0000655821480;0;0;26/12/2018;17h04;
0000655821481;0;0;26/12/2018;17h04;
0000655821482;-0.085;0;26/12/2018;17h04;
0000655821483;0;0;26/12/2018;17h04;
0000655821484;0;0;26/12/2018;17h04;
0000655821485;0;0;26/12/2018;17h04;
0000655821486;1;0;26/12/2018;17h04;
0000655821487;0;0;26/12/2018;17h04;
0000655821488;14.428;0;26/12/2018;17h04;
0000655821848;-0.26;0;26/12/2018;17h04;
0000765246130;0;0;26/12/2018;17h04;
0000765246131;0;0;26/12/2018;17h04;
0000765246133;0;0;26/12/2018;17h04;
0000765246134;0;0;26/12/2018;17h04;
0000765246135;0;0;26/12/2018;17h04;
0000772624862;31;0;26/12/2018;17h04;
0000789486248;0;0;26/12/2018;17h04;
0000796248624;9.601;0;26/12/2018;17h04;
0000843009522;0;0;26/12/2018;17h04;
0000848602542;16;0;26/12/2018;17h04;
0000865163904;-5;0;26/12/2018;17h04;
0000865163905;0;0;26/12/2018;17h04;
0000865163914;0;0;26/12/2018;17h04;
0000865163917;2;0;26/12/2018;17h04;
0000865163918;1;0;26/12/2018;17h04;
0000865163922;7;0;26/12/2018;17h04;
0000865163923;13;0;26/12/2018;17h04;
0000865163924;-0.045;0;26/12/2018;17h04;
0000865163925;0;0;26/12/2018;17h04;
0000903281915;-1;0;26/12/2018;17h04;
0000903281916;-0.736;5;26/12/2018;17h04;
0000904920574;22;0;26/12/2018;17h04;
0000904920575;4.828;0;26/12/2018;17h04;
0000904920576;5.791;0;26/12/2018;17h04;
0000943453056;3;0;26/12/2018;17h04;
0000943453057;0;0;26/12/2018;17h04;
0000943453058;0;0;26/12/2018;17h04;
0000943453059;0;0;26/12/2018;17h04;
0000943453060;0;0;26/12/2018;17h04;
0000943453061;12;0;26/12/2018;17h04;
0000943453062;4;0;26/12/2018;17h04;
0000956497154;23;0;26/12/2018;17h04;
0000956497155;0;0;26/12/2018;17h04;
0000956497156;30;0;26/12/2018;17h04;
0000956497157;23;0;26/12/2018;17h04;
0000956497158;27;0;26/12/2018;17h04;
0000956497159;0;0;26/12/2018;17h04;
0000973251397;4;0;26/12/2018;17h04;
0000973251398;-5;0;26/12/2018;17h04;
0000973251400;-8;0;26/12/2018;17h04;
0000973251401;0;0;26/12/2018;17h04;
0000973251785;0;0;26/12/2018;17h04;
0000973251786;1.915;0;26/12/2018;17h04;
0000973251787;-1.49;0;26/12/2018;17h04;
0000973251788;0;0;26/12/2018;17h04;
0000973251789;14.255;0;26/12/2018;17h04;
0000973251791;0;0;26/12/2018;17h04;
0001046819329;5.341;0;26/12/2018;17h04;
0001046819330;3.081;0;26/12/2018;17h04;
0001046819331;-0.209;0;26/12/2018;17h04;
0001046819332;-0.86;0;26/12/2018;17h04;
0001046819333;3.611;0;26/12/2018;17h04;
0001046819334;11.885;0;26/12/2018;17h04;
0001046819335;1.901;0;26/12/2018;17h04;
0001046819336;5.596;0;26/12/2018;17h04;
0001046819338;8.124;0;26/12/2018;17h04;
0001046819339;10.69;0;26/12/2018;17h04;
0001046819340;3.402;0;26/12/2018;17h04;
0001046819342;3.51;0;26/12/2018;17h04;
0001073900565;5.51;0;26/12/2018;17h04;
0001073900566;2.21;0;26/12/2018;17h04;
0001073900567;3;0;26/12/2018;17h04;
0001073900568;0;0;26/12/2018;17h04;
0001081803898;-5;6;26/12/2018;17h04;
0001081803899;0;0;26/12/2018;17h04;
0001081803900;0;0;26/12/2018;17h04;
0001081803901;0;0;26/12/2018;17h04;
0001081803902;-6;9;26/12/2018;17h04;
0001081803903;-13;0;26/12/2018;17h04;
0001081803904;0;0;26/12/2018;17h04;
0001150902749;0;0;26/12/2018;17h04;
0001150902751;0;0;26/12/2018;17h04;
0001151597297;0;0;26/12/2018;17h04;
0001184633829;13;0;26/12/2018;17h04;
0001239087681;0;0;26/12/2018;17h04;
0001239087682;0;0;26/12/2018;17h04;
0001239087683;1;0;26/12/2018;17h04;
0001239087684;1;0;26/12/2018;17h04;
0001239087685;1;0;26/12/2018;17h04;
0001239087686;-9.98;0;26/12/2018;17h04;
0001239087687;0.235;0;26/12/2018;17h04;
0001239087688;-2.905;0;26/12/2018;17h04;
0001317475581;12.531;0;26/12/2018;17h04;
0001317475585;22.047;0;26/12/2018;17h04;
0001317475586;46.319;0;26/12/2018;17h04;
0001317475587;24.783;0;26/12/2018;17h04;
0001317475588;18.121;0;26/12/2018;17h04;
0001317475590;15.095;0;26/12/2018;17h04;
0001317475591;17.717;0;26/12/2018;17h04;
0001317475599;-2.376;0;26/12/2018;17h04;
0001317475600;-0.165;0;26/12/2018;17h04;
0001317475601;11.875;0;26/12/2018;17h04;
0001317475602;-0.182;0;26/12/2018;17h04;
0001317475603;-1;0;26/12/2018;17h04;
0001317475605;11;0;26/12/2018;17h04;
0001317475606;5;0;26/12/2018;17h04;
0001320644554;0;0;26/12/2018;17h04;
0001320644556;19;0;26/12/2018;17h04;
0001320644557;20;0;26/12/2018;17h04;
0001320644558;0;0;26/12/2018;17h04;
0001320644559;9;0;26/12/2018;17h04;
0001320644560;11;0;26/12/2018;17h04;
0001370157947;119;0;26/12/2018;17h04;
0001370157953;1.972;0;26/12/2018;17h04;
0001370157955;5.313;0;26/12/2018;17h04;
0001370157956;1.597;0;26/12/2018;17h04;
0001370157957;2.313;0;26/12/2018;17h04;
0001370157958;2.894;0;26/12/2018;17h04;
0001370157959;1.481;0;26/12/2018;17h04;
0001370157962;0;0;26/12/2018;17h04;
0001370157963;2;0;26/12/2018;17h04;
0001370157964;9;0;26/12/2018;17h04;
0001370157965;2;0;26/12/2018;17h04;
0001370157966;0;0;26/12/2018;17h04;
0001390097166;0;0;26/12/2018;17h04;
0001390097167;1.955;0;26/12/2018;17h04;
0001390097168;-0.485;0;26/12/2018;17h04;
0001390097169;0;0;26/12/2018;17h04;
0001390097170;0;0;26/12/2018;17h04;
0001390097328;0;0;26/12/2018;17h04;
0001390097329;0;0;26/12/2018;17h04;
0001466213504;-2;0;26/12/2018;17h04;
0001466213505;-10;0;26/12/2018;17h04;
0001466213507;0;0;26/12/2018;17h04;
0001466213508;1;0;26/12/2018;17h04;
0001466213509;0;0;26/12/2018;17h04;
0001466213510;0;0;26/12/2018;17h04;
0001466213511;0;0;26/12/2018;17h04;
0001466213513;0;0;26/12/2018;17h04;
0001466213514;0;0;26/12/2018;17h04;
0001466213515;0;0;26/12/2018;17h04;
0001466213516;0;0;26/12/2018;17h04;
0001466213517;0;0;26/12/2018;17h04;
0001509838396;4.763;0;26/12/2018;17h04;
0001509838398;8.682;0;26/12/2018;17h04;
0001509838399;2.865;0;26/12/2018;17h04;
0001509838400;6.987;0;26/12/2018;17h04;
0001509838401;-0.484;0;26/12/2018;17h04;
0001605859636;0;0;26/12/2018;17h04;
0001605859637;0;0;26/12/2018;17h04;
0001605859639;0;0;26/12/2018;17h04;
0001605859640;-4;0;26/12/2018;17h04;
0001605859641;0;0;26/12/2018;17h04;
0001605859642;1;0;26/12/2018;17h04;
0001605859643;21.95;0;26/12/2018;17h04;
0001605859644;0;0;26/12/2018;17h04;
0001605859645;0.925;0;26/12/2018;17h04;
0001605859646;3.46;0;26/12/2018;17h04;
0001605859647;6.665;0;26/12/2018;17h04;
0001605859649;0;0;26/12/2018;17h04;
0001605859650;0;0;26/12/2018;17h04;
0001605859651;0;0;26/12/2018;17h04;
0001605859652;-0.527;0;26/12/2018;17h04;
0001650476783;0.215;0;26/12/2018;17h04;
0001650476784;0;0;26/12/2018;17h04;
0001650476785;0;0;26/12/2018;17h04;
0001650476786;0;0;26/12/2018;17h04;
0001650476787;9.401;0;26/12/2018;17h04;
0001798726815;2.438;0;26/12/2018;17h04;
0001798726816;0;0;26/12/2018;17h04;
0001798726817;0;0;26/12/2018;17h04;
0001956929727;0;0;26/12/2018;17h04;
0001959594614;30.065;0;26/12/2018;17h04;
0001959594615;0.275;0;26/12/2018;17h04;
0001959594616;-1.455;0;26/12/2018;17h04;
0001959594617;12;0;26/12/2018;17h04;
0001959594618;14;0;26/12/2018;17h04;
0001959594619;13;0;26/12/2018;17h04;
0001961712223;-1;0;26/12/2018;17h04;
0001961712225;34;0;26/12/2018;17h04;
0002005796060;-1;0;26/12/2018;17h04;
0002005796061;4.71;0;26/12/2018;17h04;
0002005796062;1.99;0;26/12/2018;17h04;
0002027428777;0;0;26/12/2018;17h04;
0002027428778;0;0;26/12/2018;17h04;
0002027428780;2.011;0;26/12/2018;17h04;
0002027428783;16.241;0;26/12/2018;17h04;
0002027428784;0;0;26/12/2018;17h04;
0002027428785;30;0;26/12/2018;17h04;
0002145896192;4.66;0;26/12/2018;17h04;
0002965538635;-14.185;0;26/12/2018;17h04;
0004432055508;13;0;26/12/2018;17h04;
0006518975557;17;0;26/12/2018;17h04;
0006689624377;-1.201;0;26/12/2018;17h04;
0007078044400;0;0;26/12/2018;17h04;
0007267958747;5.585;0;26/12/2018;17h04;
0007296225476;15.565;0;26/12/2018;17h04;
0007894862486;11;0;26/12/2018;17h04;
0008430095238;4;0;26/12/2018;17h04;
0008486025432;16;0;26/12/2018;17h04;
0009031889776;-0.255;0;26/12/2018;17h04;
0009316730465;13.182;0;26/12/2018;17h04;
0009494855165;11;0;26/12/2018;17h04;
0009774568419;18;0;26/12/2018;17h04;
0009960092537;22.062;0;26/12/2018;17h04;
0009960092544;4.354;0;26/12/2018;17h04;
0010160661171;0;0;26/12/2018;17h04;
0010617363368;0;0;26/12/2018;17h04;
0010739005696;21.305;0;26/12/2018;17h04;
0010818039055;137;0;26/12/2018;17h04;
0011494804722;24;0;26/12/2018;17h04;
0011494804944;2.231;0;26/12/2018;17h04;
0011494805088;0;0;26/12/2018;17h04;
0011667192144;0;0;26/12/2018;17h04;
0012177097448;0;0;26/12/2018;17h04;
0012314498725;2.104;20;26/12/2018;17h04;
0012937091167;0;0;26/12/2018;17h04;
0013786076275;0;0;26/12/2018;17h04;
0014351115382;-165;0;26/12/2018;17h04;
0014726033792;17.204;0;26/12/2018;17h04;
0015118901927;0;0;26/12/2018;17h04;
0015468571887;0;0;26/12/2018;17h04;
0015707265805;0;0;26/12/2018;17h04;
0016013149971;0;0;26/12/2018;17h04;
0016028271889;0;0;26/12/2018;17h04;
0016524047704;-1.315;0;26/12/2018;17h04;
0017112972941;9.86;0;26/12/2018;17h04;
0017164561988;-38.93;0;26/12/2018;17h04;
0018022878705;5.015;0;26/12/2018;17h04;
0018411319055;19.881;0;26/12/2018;17h04;
0018896325381;-0.695;0;26/12/2018;17h04;
0019003102154;335;0;26/12/2018;17h04;
0019585203942;0;0;26/12/2018;17h04;
0019676109665;4.741;0;26/12/2018;17h04;
0020235748799;29;0;26/12/2018;17h04;
0020609672576;0;0;26/12/2018;17h04;
0020709590350;-2;0;26/12/2018;17h04;
0021204410624;-1;0;26/12/2018;17h04;
0021204412840;13;0;26/12/2018;17h04;
0021458962429;5.81;0;26/12/2018;17h04;
0021466512371;-1;0;26/12/2018;17h04;
0021466514290;0;0;26/12/2018;17h04;
0077262486248;401;0;26/12/2018;17h04;
0078948624862;-4;0;26/12/2018;17h04;
0171146794280;6.476;0;26/12/2018;17h04;
0370014728912;0;20;26/12/2018;17h04;
0566146600087;0;0;26/12/2018;17h04;
0566146600097;8.04;0;26/12/2018;17h04;
0566146600103;113;0;26/12/2018;17h04;
0566146600110;23;0;26/12/2018;17h04;
0782126001009;16;0;26/12/2018;17h04;
0782126002006;12;0;26/12/2018;17h04;
0782126003003;11;0;26/12/2018;17h04;
0782126003027;8;0;26/12/2018;17h04;
0782126003034;14;0;26/12/2018;17h04;
0782126003041;9;0;26/12/2018;17h04;
0782126003058;12;0;26/12/2018;17h04;
0782126003065;18;0;26/12/2018;17h04;
0782126003089;2;0;26/12/2018;17h04;
0782126003096;8;0;26/12/2018;17h04;
0782126003126;9;0;26/12/2018;17h04;
0782126003140;8;0;26/12/2018;17h04;
0782126008008;15;0;26/12/2018;17h04;
0782126009005;17;0;26/12/2018;17h04;
0782126200112;10;0;26/12/2018;17h04;
0789486248624;-2.79;0;26/12/2018;17h04;
0871561004611;11;0;26/12/2018;17h04;
0871561004642;10;0;26/12/2018;17h04;
0871561004673;10;0;26/12/2018;17h04;
0874855001532;26;0;26/12/2018;17h04;
3144030280005;17;0;26/12/2018;17h04;
3144030280012;10;0;26/12/2018;17h04;
3144030280029;7;0;26/12/2018;17h04;
3144030280036;14;0;26/12/2018;17h04;
3144030280043;19;0;26/12/2018;17h04;
3144030280050;19;0;26/12/2018;17h04;
3144030380057;13;0;26/12/2018;17h04;
3254150098838;7;0;26/12/2018;17h04;
3267110001014;11;0;26/12/2018;17h04;
3267110001038;8;0;26/12/2018;17h04;
3267110001090;6;0;26/12/2018;17h04;
3267110001205;8;0;26/12/2018;17h04;
3267110001212;9;0;26/12/2018;17h04;
3267110001229;0;0;26/12/2018;17h04;
3267110001571;22;0;26/12/2018;17h04;
3267110001588;2;0;26/12/2018;17h04;
3267110001663;1;0;26/12/2018;17h04;
3267110002134;10;0;26/12/2018;17h04;
3267110002363;4;0;26/12/2018;17h04;
3267110008242;19;0;26/12/2018;17h04;
3267110008266;8;0;26/12/2018;17h04;
3267460030610;35;0;26/12/2018;17h04;
3273670000114;4;0;26/12/2018;17h04;
3273670000312;0;0;26/12/2018;17h04;
3273670000329;0;0;26/12/2018;17h04;
3273670000428;0;0;26/12/2018;17h04;
3273670000824;-35;0;26/12/2018;17h04;
3273670001302;30;0;26/12/2018;17h04;
3273670001524;0;0;26/12/2018;17h04;
3273670001586;7;0;26/12/2018;17h04;
3273670002057;8;0;26/12/2018;17h04;
3273670002125;0;0;26/12/2018;17h04;
3273670002347;1;0;26/12/2018;17h04;
3288131500201;49;0;26/12/2018;17h04;
3288131510408;8;0;26/12/2018;17h04;
3288131510415;14;0;26/12/2018;17h04;
3288131510422;6;0;26/12/2018;17h04;
3288131510484;11;0;26/12/2018;17h04;
3288131510491;12;0;26/12/2018;17h04;
3288131510705;8;0;26/12/2018;17h04;
3288131510712;15;0;26/12/2018;17h04;
3288131510729;18;0;26/12/2018;17h04;
3288131510767;3;0;26/12/2018;17h04;
3288131510774;8;0;26/12/2018;17h04;
3288131530505;13;0;26/12/2018;17h04;
3288131530604;15;0;26/12/2018;17h04;
3288131540115;26;0;26/12/2018;17h04;
3288131540139;8;0;26/12/2018;17h04;
3288131540160;9;0;26/12/2018;17h04;
3301310011128;20;0;26/12/2018;17h04;
3301310011135;32;0;26/12/2018;17h04;
3301320012115;13;0;26/12/2018;17h04;
3301320012221;26;0;26/12/2018;17h04;
3301332001237;31;0;26/12/2018;17h04;
3305040000742;0;0;26/12/2018;17h04;
3307130605004;11;0;26/12/2018;17h04;
3307130803004;9;0;26/12/2018;17h04;
3307130803561;4;0;26/12/2018;17h04;
3326100000069;22;0;26/12/2018;17h04;
3329480105027;5;0;26/12/2018;17h04;
3329480105041;13;0;26/12/2018;17h04;
3329480106048;5;12;26/12/2018;17h04;
3329480131019;4;24;26/12/2018;17h04;
3329480131026;29;0;26/12/2018;17h04;
3329480150010;7;0;26/12/2018;17h04;
3329480150034;3;0;26/12/2018;17h04;
3329483301204;5;0;26/12/2018;17h04;
3329483323756;2;0;26/12/2018;17h04;
3329483411033;14.581;0;26/12/2018;17h04;
3329483413754;3;12;26/12/2018;17h04;
3329483432502;-2;0;26/12/2018;17h04;
3329483512006;1;0;26/12/2018;17h04;
3329483522500;9;0;26/12/2018;17h04;
3329484310250;20.027;0;26/12/2018;17h04;
3329484411209;4;0;26/12/2018;17h04;
3329484485002;13;0;26/12/2018;17h04;
3329485121121;35.346;0;26/12/2018;17h04;
3329486000135;16;0;26/12/2018;17h04;
3329486701032;0.048;0;26/12/2018;17h04;
3329486701254;0;6;26/12/2018;17h04;
3329487101756;7;0;26/12/2018;17h04;
3329487111755;14;0;26/12/2018;17h04;
3329487131258;10;0;26/12/2018;17h04;
3329487301255;7;0;26/12/2018;17h04;
3329487311254;14;0;26/12/2018;17h04;
3329487361259;4;0;26/12/2018;17h04;
3329487371258;10;0;26/12/2018;17h04;
3329487481254;6;0;26/12/2018;17h04;
3329487601126;9;0;26/12/2018;17h04;
3329487611200;8;0;26/12/2018;17h04;
3329487647506;16;0;26/12/2018;17h04;
3329487651121;13;0;26/12/2018;17h04;
3329487673307;6;0;26/12/2018;17h04;
3329487692506;24;0;26/12/2018;17h04;
3329489000101;10;0;26/12/2018;17h04;
3329489000217;4;0;26/12/2018;17h04;
3329489030023;52;0;26/12/2018;17h04;
3329489030047;36;0;26/12/2018;17h04;
3329489030085;12;0;26/12/2018;17h04;
3329489070012;28;0;26/12/2018;17h04;
3329489070043;38;0;26/12/2018;17h04;
3329489070050;19;0;26/12/2018;17h04;
3329489106162;6;24;26/12/2018;17h04;
3329489112156;18;0;26/12/2018;17h04;
3329489207159;32;0;26/12/2018;17h04;
3329489212153;30;0;26/12/2018;17h04;
3329489306159;13;0;26/12/2018;17h04;
3336770000023;12;0;26/12/2018;17h04;
3336770000030;13;0;26/12/2018;17h04;
3336770000047;8;0;26/12/2018;17h04;
3336770000078;7;0;26/12/2018;17h04;
3336770000122;8;0;26/12/2018;17h04;
3336770000207;16;0;26/12/2018;17h04;
3336770000269;12;0;26/12/2018;17h04;
3336770000405;10;0;26/12/2018;17h04;
3336770000955;5;0;26/12/2018;17h04;
3337851000048;0;0;26/12/2018;17h04;
3347430000338;3;10;26/12/2018;17h04;
3347430000345;5;0;26/12/2018;17h04;
3347430000369;0.679;0;26/12/2018;17h04;
3347430002967;7;10;26/12/2018;17h04;
3347430004978;11;0;26/12/2018;17h04;
3347430005173;7;0;26/12/2018;17h04;
3347430005913;4;0;26/12/2018;17h04;
3347430007436;10;0;26/12/2018;17h04;
3347430007474;9;0;26/12/2018;17h04;
3347430008488;6;0;26/12/2018;17h04;
3347430008723;11;0;26/12/2018;17h04;
3347430011266;2;10;26/12/2018;17h04;
3347430011433;25;0;26/12/2018;17h04;
3347430011440;24;0;26/12/2018;17h04;
3347430011525;0;36;26/12/2018;17h04;
3347430011532;1;24;26/12/2018;17h04;
3347430012751;9;0;26/12/2018;17h04;
3347430012874;4;0;26/12/2018;17h04;
3347430013406;22;0;26/12/2018;17h04;
3347430014229;-3;30;26/12/2018;17h04;
3347430014274;31;0;26/12/2018;17h04;
3347430015493;9;0;26/12/2018;17h04;
3347430015936;10;0;26/12/2018;17h04;
3347430015943;48;0;26/12/2018;17h04;
3347430017800;19;0;26/12/2018;17h04;
3347430017817;2;0;26/12/2018;17h04;
3347430018074;14;0;26/12/2018;17h04;
3347430018517;4;0;26/12/2018;17h04;
3347430018524;5;6;26/12/2018;17h04;
3347430697774;44;0;26/12/2018;17h04;
3347431370713;11;0;26/12/2018;17h04;
3347431805482;5;0;26/12/2018;17h04;
3347431856361;10.942;0;26/12/2018;17h04;
3347431913316;14;0;26/12/2018;17h04;
3347431924022;16;0;26/12/2018;17h04;
3347431928358;-1;10;26/12/2018;17h04;
3347431928365;12.583;0;26/12/2018;17h04;
3347431930313;0;20;26/12/2018;17h04;
3347432021805;12;0;26/12/2018;17h04;
3347433009352;2;20;26/12/2018;17h04;
3347434889816;12;0;26/12/2018;17h04;
3347434889908;20;0;26/12/2018;17h04;
3347435066988;31;0;26/12/2018;17h04;
3347435264551;9;0;26/12/2018;17h04;
3347435503056;15;0;26/12/2018;17h04;
3347435543564;2.856;0;26/12/2018;17h04;
3347437054419;14;0;26/12/2018;17h04;
3347437059315;2;20;26/12/2018;17h04;
3347437062315;8;0;26/12/2018;17h04;
3347439950016;8;0;26/12/2018;17h04;
3347439950115;7;0;26/12/2018;17h04;
3347439950245;3;12;26/12/2018;17h04;
3347439950269;4;0;26/12/2018;17h04;
3347439950511;10;0;26/12/2018;17h04;
3384630400469;6;0;26/12/2018;17h04;
3384630420023;15;0;26/12/2018;17h04;
3384630420054;17;0;26/12/2018;17h04;
3384630420078;0;0;26/12/2018;17h04;
3384630420139;-1;0;26/12/2018;17h04;
3384630423871;-1;0;26/12/2018;17h04;
3384630500299;-27;0;26/12/2018;17h04;
3384638192700;0;0;26/12/2018;17h04;
3384638192724;0;0;26/12/2018;17h04;
3390390000221;14;0;26/12/2018;17h04;
3390390000238;12;0;26/12/2018;17h04;
3390390000269;0;0;26/12/2018;17h04;
3390390000276;0;0;26/12/2018;17h04;
3390390000320;0;0;26/12/2018;17h04;
3390390001150;3;0;26/12/2018;17h04;
3390390001204;0;0;26/12/2018;17h04;
3390390001259;33;0;26/12/2018;17h04;
3390390001273;10;0;26/12/2018;17h04;
3390390001334;17;0;26/12/2018;17h04;
3390390001723;38;0;26/12/2018;17h04;
3390390001846;31;0;26/12/2018;17h04;
3390390001860;0;0;26/12/2018;17h04;
3390390005639;5;0;26/12/2018;17h04;
3390390005738;35;0;26/12/2018;17h04;
3390390006087;24;0;26/12/2018;17h04;
3399581007148;188;0;26/12/2018;17h04;
3399581007155;146;0;26/12/2018;17h04;
3413880004063;3.136;0;26/12/2018;17h04;
3413880041051;4;0;26/12/2018;17h04;
3413880041075;0;10;26/12/2018;17h04;
3413880041471;-2;10;26/12/2018;17h04;
3413880042225;0;12;26/12/2018;17h04;
3413880075452;-1;54;26/12/2018;17h04;
3413880081033;18;0;26/12/2018;17h04;
3413880081057;17;0;26/12/2018;17h04;
3413880082221;18;0;26/12/2018;17h04;
3413880082481;4;20;26/12/2018;17h04;
3414170006019;42;0;26/12/2018;17h04;
3414170010870;6.971;0;26/12/2018;17h04;
3414170010887;11.755;0;26/12/2018;17h04;
3414170011082;12;0;26/12/2018;17h04;
3414170011334;1;0;26/12/2018;17h04;
3414170011556;21;0;26/12/2018;17h04;
3414170011884;22;0;26/12/2018;17h04;
3414170012355;6;0;26/12/2018;17h04;
3416140120404;2;0;26/12/2018;17h04;
3416140120718;0;0;26/12/2018;17h04;
3423182102008;14;0;26/12/2018;17h04;
3423182102015;6;12;26/12/2018;17h04;
3423182102107;6;0;26/12/2018;17h04;
3423182102213;12;0;26/12/2018;17h04;
3423182102404;4;12;26/12/2018;17h04;
3423182102411;9;0;26/12/2018;17h04;
3423182102602;8;0;26/12/2018;17h04;
3423182103012;13;0;26/12/2018;17h04;
3423182103029;9;0;26/12/2018;17h04;
3423182103043;6;0;26/12/2018;17h04;
3423182103906;12;0;26/12/2018;17h04;
3423182104019;8;0;26/12/2018;17h04;
3423182104026;30;0;26/12/2018;17h04;
3423182114001;3;12;26/12/2018;17h04;
3423182502006;10;0;26/12/2018;17h04;
3423182502013;1;21;26/12/2018;17h04;
3423183280118;-1;12;26/12/2018;17h04;
3423183280217;4;0;26/12/2018;17h04;
3423183280415;1;12;26/12/2018;17h04;
3423183280514;14;0;26/12/2018;17h04;
3423183281115;13;0;26/12/2018;17h04;
3423183300304;2;12;26/12/2018;17h04;
3423183300700;3;12;26/12/2018;17h04;
3423183300809;8;0;26/12/2018;17h04;
3423183300908;4;0;26/12/2018;17h04;
3453810000000;5;0;26/12/2018;17h04;
3453810000017;11;0;26/12/2018;17h04;
3456300000825;10;0;26/12/2018;17h04;
3456300000917;14;0;26/12/2018;17h04;
3456300002508;0;0;26/12/2018;17h04;
3456300004106;0;0;26/12/2018;17h04;
3456300004120;0;0;26/12/2018;17h04;
3456300004281;28;0;26/12/2018;17h04;
3456300004298;6;0;26/12/2018;17h04;
3456300004311;0;0;26/12/2018;17h04;
3456300004328;0;0;26/12/2018;17h04;
3456300004380;16;0;26/12/2018;17h04;
3456300004397;12;0;26/12/2018;17h04;
3456300004717;14;0;26/12/2018;17h04;
3456300005288;8;0;26/12/2018;17h04;
3456300006308;0;0;26/12/2018;17h04;
3456300007824;10;0;26/12/2018;17h04;
3456300007930;24;0;26/12/2018;17h04;
3456300007947;9;0;26/12/2018;17h04;
3456300007961;5;0;26/12/2018;17h04;
3456300007985;16;0;26/12/2018;17h04;
3456300007992;12;0;26/12/2018;17h04;
3456300008425;0;0;26/12/2018;17h04;
3456300008463;13;0;26/12/2018;17h04;
3456300008500;18;0;26/12/2018;17h04;
3456300009071;14;0;26/12/2018;17h04;
3462452002136;1;0;26/12/2018;17h04;
3462452002167;0;0;26/12/2018;17h04;
3462452002198;5;0;26/12/2018;17h04;
3462452002228;8;0;26/12/2018;17h04;
3462452002457;10;0;26/12/2018;17h04;
3462452160003;6;0;26/12/2018;17h04;
3464660000249;56;0;26/12/2018;17h04;
3464660000263;48;0;26/12/2018;17h04;
3464930018257;6;0;26/12/2018;17h04;
3464931005256;12;0;26/12/2018;17h04;
3464933703105;14;0;26/12/2018;17h04;
3468310000283;1.103;0;26/12/2018;17h04;
3477730001121;27;0;26/12/2018;17h04;
3477730001145;42;0;26/12/2018;17h04;
3477730001206;19;0;26/12/2018;17h04;
3477730009011;2;0;26/12/2018;17h04;
3478820003186;14;0;26/12/2018;17h04;
3478820005692;0;0;26/12/2018;17h04;
3478820008969;9;0;26/12/2018;17h04;
3478820013192;15;0;26/12/2018;17h04;
3478820015691;0;0;26/12/2018;17h04;
3478820023191;14;0;26/12/2018;17h04;
3478820023641;10;0;26/12/2018;17h04;
3478820027144;12;0;26/12/2018;17h04;
3478820031479;22;0;26/12/2018;17h04;
3478820036719;6;0;26/12/2018;17h04;
3478820044035;1;0;26/12/2018;17h04;
3478820075886;12;0;26/12/2018;17h04;
3478820078221;0;0;26/12/2018;17h04;
3478820091145;0;0;26/12/2018;17h04;
3478820095006;7;0;26/12/2018;17h04;
3478822005249;13;0;26/12/2018;17h04;
3478823002179;0;0;26/12/2018;17h04;
3483460010258;0;0;26/12/2018;17h04;
3483460011002;0;0;26/12/2018;17h04;
3483460140207;0;0;26/12/2018;17h04;
3483460150206;0;0;26/12/2018;17h04;
3483461230181;0;0;26/12/2018;17h04;
3483461230211;-0.315;0;26/12/2018;17h04;
3483461230228;-2.35;0;26/12/2018;17h04;
3483461230235;-6.245;0;26/12/2018;17h04;
3483461230242;-5.549;0;26/12/2018;17h04;
3483461230259;2.775;0;26/12/2018;17h04;
3483461230266;3;0;26/12/2018;17h04;
3483461230273;1;0;26/12/2018;17h04;
3483461230280;-1;0;26/12/2018;17h04;
3483461230303;0;0;26/12/2018;17h04;
3483461230310;-0.046;0;26/12/2018;17h04;
3483461230327;0;0;26/12/2018;17h04;
3483461230334;0;0;26/12/2018;17h04;
3483461230341;2;0;26/12/2018;17h04;
3483461230358;11;0;26/12/2018;17h04;
3483461230365;4;0;26/12/2018;17h04;
3483461230372;6;0;26/12/2018;17h04;
3483461230389;11;0;26/12/2018;17h04;
3483461230396;6;0;26/12/2018;17h04;
3483461230402;3.947;0;26/12/2018;17h04;
3483463020247;0;0;26/12/2018;17h04;
3483981000691;28;0;26/12/2018;17h04;
3483981000752;61;0;26/12/2018;17h04;
3483981000820;41;0;26/12/2018;17h04;
3483981001636;14;0;26/12/2018;17h04;
3483981001896;16;0;26/12/2018;17h04;
3483981001926;25;0;26/12/2018;17h04;
3483981002404;0;0;26/12/2018;17h04;
3483981002428;0;0;26/12/2018;17h04;
3483981300012;21;0;26/12/2018;17h04;
3483981301637;8;0;26/12/2018;17h04;
3483981900021;35;0;26/12/2018;17h04;
3483981900052;64;0;26/12/2018;17h04;
3497900006718;10;0;26/12/2018;17h04;
3497900006732;12;0;26/12/2018;17h04;
3497900007104;10;0;26/12/2018;17h04;
3497900007111;14;0;26/12/2018;17h04;
3500390020123;10;0;26/12/2018;17h04;
3500390021120;9;0;26/12/2018;17h04;
3500390022127;3;0;26/12/2018;17h04;
3500390024046;9;0;26/12/2018;17h04;
3517360000498;7;0;26/12/2018;17h04;
3517360000559;15;0;26/12/2018;17h04;
3517360001198;23;0;26/12/2018;17h04;
3517360001211;12;0;26/12/2018;17h04;
3517360001259;29;0;26/12/2018;17h04;
3517360005509;13;0;26/12/2018;17h04;
3517360005516;14;0;26/12/2018;17h04;
3517360005912;21;0;26/12/2018;17h04;
3517360005929;17;0;26/12/2018;17h04;
3517360009460;16;0;26/12/2018;17h04;
3517360011418;29;0;26/12/2018;17h04;
3517360013719;36;0;26/12/2018;17h04;
3517360013740;32;0;26/12/2018;17h04;
3517360013757;0;0;26/12/2018;17h04;
3517360016451;20;0;26/12/2018;17h04;
3517360016994;9;0;26/12/2018;17h04;
3517360017021;19;0;26/12/2018;17h04;
3517360017076;11;0;26/12/2018;17h04;
3517360017083;15;0;26/12/2018;17h04;
3522920001136;1;12;26/12/2018;17h04;
3522920002034;3;12;26/12/2018;17h04;
3534350020755;19;0;26/12/2018;17h04;
3534350081756;22;0;26/12/2018;17h04;
3546581250160;29;0;26/12/2018;17h04;
3546588100017;25;0;26/12/2018;17h04;
3566140010066;2;0;26/12/2018;17h04;
3566140060061;7;0;26/12/2018;17h04;
3566140331031;15;0;26/12/2018;17h04;
3566140331246;7;0;26/12/2018;17h04;
3566140751013;12;0;26/12/2018;17h04;
3566140751068;9;0;26/12/2018;17h04;
3566140751167;1;0;26/12/2018;17h04;
3566140751174;8;0;26/12/2018;17h04;
3566140751198;7;0;26/12/2018;17h04;
3566141001049;22;0;26/12/2018;17h04;
3566141001070;7;0;26/12/2018;17h04;
3566141001087;15;0;26/12/2018;17h04;
3566141001094;17;0;26/12/2018;17h04;
3566141001155;13;0;26/12/2018;17h04;
3566143500229;2;0;26/12/2018;17h04;
3566144400047;5;0;26/12/2018;17h04;
3566146600018;9;0;26/12/2018;17h04;
3566146600025;0;0;26/12/2018;17h04;
3566149810063;0;0;26/12/2018;17h04;
3566149810087;5;0;26/12/2018;17h04;
3662217000623;10;0;26/12/2018;17h04;
3662217000630;14;0;26/12/2018;17h04;
3662217000722;13;0;26/12/2018;17h04;
3662217000784;2;0;26/12/2018;17h04;
3662217001019;3;0;26/12/2018;17h04;
3662217001729;2;0;26/12/2018;17h04;
3662217001736;1;0;26/12/2018;17h04;
3662217001774;0;0;26/12/2018;17h04;
3662217002238;13;0;26/12/2018;17h04;
3662217002283;1;0;26/12/2018;17h04;
3662217002306;0;0;26/12/2018;17h04;
3662217003846;7;0;26/12/2018;17h04;
3662217003877;0;0;26/12/2018;17h04;
3662217003884;4;0;26/12/2018;17h04;
3662217003891;9;0;26/12/2018;17h04;
3662217004003;18;0;26/12/2018;17h04;
3662217004256;2;0;26/12/2018;17h04;
3662217004553;12;0;26/12/2018;17h04;
3662217004751;5;0;26/12/2018;17h04;
3662217004805;4;0;26/12/2018;17h04;
3662217004812;18;0;26/12/2018;17h04;
3662217004867;11;0;26/12/2018;17h04;
3662217004874;13;0;26/12/2018;17h04;
3662217004881;0;0;26/12/2018;17h04;
3662217005505;1;0;26/12/2018;17h04;
3662217005550;11;0;26/12/2018;17h04;
3662217005598;2;0;26/12/2018;17h04;
3662217005628;2;0;26/12/2018;17h04;
3662217005642;14;0;26/12/2018;17h04;
3662217005963;5;0;26/12/2018;17h04;
3662217005970;3;0;26/12/2018;17h04;
3662217006007;9;0;26/12/2018;17h04;
3662217006038;7;0;26/12/2018;17h04;
3662217006045;5;0;26/12/2018;17h04;
3662217006137;28;0;26/12/2018;17h04;
3662217006151;3;0;26/12/2018;17h04;
3662217006182;10;0;26/12/2018;17h04;
3662217006199;11;0;26/12/2018;17h04;
3662217006250;2;0;26/12/2018;17h04;
3662217006311;11;0;26/12/2018;17h04;
3662217006472;5;0;26/12/2018;17h04;
3662217006526;7;0;26/12/2018;17h04;
3662217006533;11;0;26/12/2018;17h04;
3662217006540;6;0;26/12/2018;17h04;
3662217006670;13;0;26/12/2018;17h04;
3662217006687;9;0;26/12/2018;17h04;
3662217006694;15;0;26/12/2018;17h04;
3662217006700;8;0;26/12/2018;17h04;
3662217006816;9;0;26/12/2018;17h04;
3662217006830;15;0;26/12/2018;17h04;
3662217006847;13;0;26/12/2018;17h04;
3662217007059;64;0;26/12/2018;17h04;
3700147215301;0;20;26/12/2018;17h04;
3700147224303;0;20;26/12/2018;17h04;
3700147225300;0;20;26/12/2018;17h04;
3700147235125;0;25;26/12/2018;17h04;
3700147257301;0;20;26/12/2018;17h04;
3700147257325;0;50;26/12/2018;17h04;
3700147257332;0;50;26/12/2018;17h04;
3700147257349;0;50;26/12/2018;17h04;
3700147257356;0;50;26/12/2018;17h04;
3700147257363;0;50;26/12/2018;17h04;
3700147257370;0;50;26/12/2018;17h04;
3700147257387;0;50;26/12/2018;17h04;
3700147257394;0;50;26/12/2018;17h04;
3700147257400;0;60;26/12/2018;17h04;
3700147257417;0;60;26/12/2018;17h04;
3700147258124;0;567;26/12/2018;17h04;
3700147290124;0;25;26/12/2018;17h04;
3700599201105;6;0;26/12/2018;17h04;
3700968100008;31;0;26/12/2018;17h04;
3700968100015;32;0;26/12/2018;17h04;
3700968100022;24;0;26/12/2018;17h04;
3700968100060;25;0;26/12/2018;17h04;
3700968100077;20;0;26/12/2018;17h04;
3700968100107;16;0;26/12/2018;17h04;
3700968100114;24;0;26/12/2018;17h04;
3700968100145;15;0;26/12/2018;17h04;
3700968100190;24;0;26/12/2018;17h04;
3700968100206;13;0;26/12/2018;17h04;
3700968100213;13;0;26/12/2018;17h04;
3700968100251;14;0;26/12/2018;17h04;
3760003630013;11;0;26/12/2018;17h04;
3760003630020;11;0;26/12/2018;17h04;
3760004870029;4;12;26/12/2018;17h04;
3760009531062;21;0;26/12/2018;17h04;
3760009536104;23;0;26/12/2018;17h04;
3760011131021;7;0;26/12/2018;17h04;
3760011131533;13;0;26/12/2018;17h04;
3760011132059;12;0;26/12/2018;17h04;
3760011134220;9;0;26/12/2018;17h04;
3760020501297;20;0;26/12/2018;17h04;
3760020502041;28;0;26/12/2018;17h04;
3760020505554;15;0;26/12/2018;17h04;
3760020505905;20;0;26/12/2018;17h04;
3760020505912;13;0;26/12/2018;17h04;
3760020505929;3;0;26/12/2018;17h04;
3760020505998;8;0;26/12/2018;17h04;
3760020506193;0;0;26/12/2018;17h04;
3760020506209;15;0;26/12/2018;17h04;
3760020506476;2;0;26/12/2018;17h04;
3760020507299;19;0;26/12/2018;17h04;
3760020507657;0;0;26/12/2018;17h04;
3760020507671;0;0;26/12/2018;17h04;
3760020507916;2;0;26/12/2018;17h04;
3760020507923;16;0;26/12/2018;17h04;
3760020508036;0;0;26/12/2018;17h04;
3760020508487;0;0;26/12/2018;17h04;
3760020508562;19;0;26/12/2018;17h04;
3760020508586;7;0;26/12/2018;17h04;
3760020508593;12;0;26/12/2018;17h04;
3760020508609;0;0;26/12/2018;17h04;
3760020508722;0;0;26/12/2018;17h04;
3760020508883;24;0;26/12/2018;17h04;
3760020508913;13;0;26/12/2018;17h04;
3760020509071;12;0;26/12/2018;17h04;
3760020509088;15;0;26/12/2018;17h04;
3760020509347;14;0;26/12/2018;17h04;
3760020509491;9;0;26/12/2018;17h04;
3760020509538;19;0;26/12/2018;17h04;
3760020509613;0;0;26/12/2018;17h04;
3760020509620;0;0;26/12/2018;17h04;
3760020509798;0;0;26/12/2018;17h04;
3760020509804;0;0;26/12/2018;17h04;
3760020509941;20;0;26/12/2018;17h04;
3760022900326;4;0;26/12/2018;17h04;
3760022906052;17;0;26/12/2018;17h04;
3760022906090;7;0;26/12/2018;17h04;
3760022906137;18;0;26/12/2018;17h04;
3760022906151;7;0;26/12/2018;17h04;
3760022906205;8;0;26/12/2018;17h04;
3760022906281;20;0;26/12/2018;17h04;
3760022906328;22;0;26/12/2018;17h04;
3760022906342;22;0;26/12/2018;17h04;
3760022906403;7;0;26/12/2018;17h04;
3760022906434;9;0;26/12/2018;17h04;
3760022906571;10;0;26/12/2018;17h04;
3760022906588;9;0;26/12/2018;17h04;
3760022906700;10;0;26/12/2018;17h04;
3760022906786;22;0;26/12/2018;17h04;
3760028680123;14;0;26/12/2018;17h04;
3760028680130;3;0;26/12/2018;17h04;
3760028680185;0;0;26/12/2018;17h04;
3760028680192;7;0;26/12/2018;17h04;
3760028680215;-1;0;26/12/2018;17h04;
3760030722118;0;0;26/12/2018;17h04;
3760030725119;27;0;26/12/2018;17h04;
3760030725140;21;0;26/12/2018;17h04;
3760030726116;42;0;26/12/2018;17h04;
3760030726123;41;0;26/12/2018;17h04;
3760030726222;12;0;26/12/2018;17h04;
3760030726321;14;0;26/12/2018;17h04;
3760030728110;2;0;26/12/2018;17h04;
3760075290023;-1;0;26/12/2018;17h04;
3760075290108;0;0;26/12/2018;17h04;
3760075290849;0;0;26/12/2018;17h04;
3760094450002;2;0;26/12/2018;17h04;
3760094450118;1;0;26/12/2018;17h04;
3760094450125;0;0;26/12/2018;17h04;
3760094450132;6.655;0;26/12/2018;17h04;
3760094450163;8;0;26/12/2018;17h04;
3760094450194;2.065;0;26/12/2018;17h04;
3760094450200;2;0;26/12/2018;17h04;
3760094450354;3;0;26/12/2018;17h04;
3760094450361;0;0;26/12/2018;17h04;
3760094450378;5;0;26/12/2018;17h04;
3760094450385;1;0;26/12/2018;17h04;
3760094450392;1;0;26/12/2018;17h04;
3760094450408;0;0;26/12/2018;17h04;
3760104010110;0;0;26/12/2018;17h04;
3760104010134;0;0;26/12/2018;17h04;
3760104010141;0;0;26/12/2018;17h04;
3760104010165;29;0;26/12/2018;17h04;
3760107270047;4;0;26/12/2018;17h04;
3760109056137;0.372;0;26/12/2018;17h04;
3760109056434;3.871;0;26/12/2018;17h04;
3760138830357;3;8;26/12/2018;17h04;
3760138831286;7;0;26/12/2018;17h04;
3760138831422;7;0;26/12/2018;17h04;
3760138831460;18;0;26/12/2018;17h04;
3760138831507;7;0;26/12/2018;17h04;
3760138831514;3;0;26/12/2018;17h04;
3760138831781;11;0;26/12/2018;17h04;
3760138831941;4;0;26/12/2018;17h04;
3760138831958;1;3;26/12/2018;17h04;
3760138832153;13;0;26/12/2018;17h04;
3760138832320;9;0;26/12/2018;17h04;
3760138832351;4;0;26/12/2018;17h04;
3760138832382;51;0;26/12/2018;17h04;
3760138833099;6;0;26/12/2018;17h04;
3760138833105;8;0;26/12/2018;17h04;
3760138833129;45;0;26/12/2018;17h04;
3760138833174;13;0;26/12/2018;17h04;
3760138833181;4;0;26/12/2018;17h04;
3760138833242;17;0;26/12/2018;17h04;
3760138833495;4;0;26/12/2018;17h04;
3760138833891;6;0;26/12/2018;17h04;
3760138833938;0;0;26/12/2018;17h04;
3760138834126;7;0;26/12/2018;17h04;
3760138834133;15;0;26/12/2018;17h04;
3760138834157;0;0;26/12/2018;17h04;
3760138834195;11;0;26/12/2018;17h04;
3760138834805;23;0;26/12/2018;17h04;
3760138834812;10;0;26/12/2018;17h04;
3760138834874;17;0;26/12/2018;17h04;
3760138834881;41;0;26/12/2018;17h04;
3760138834898;58;0;26/12/2018;17h04;
3760138835376;27;0;26/12/2018;17h04;
3760138835383;27;0;26/12/2018;17h04;
3760138835390;30;0;26/12/2018;17h04;
3760138836434;8;0;26/12/2018;17h04;
3760138836458;15;0;26/12/2018;17h04;
3760138836472;25;0;26/12/2018;17h04;
3760138836748;6;0;26/12/2018;17h04;
3760138836922;1;6;26/12/2018;17h04;
3760138836939;3;0;26/12/2018;17h04;
3760138836946;4;0;26/12/2018;17h04;
3760138836953;4;0;26/12/2018;17h04;
3760138837080;8;0;26/12/2018;17h04;
3760138837301;6;0;26/12/2018;17h04;
3760138837325;16;0;26/12/2018;17h04;
3760138837738;2;10;26/12/2018;17h04;
3760138838049;1;0;26/12/2018;17h04;
3760138838148;6;0;26/12/2018;17h04;
3760138838438;6;0;26/12/2018;17h04;
3760138839084;1;10;26/12/2018;17h04;
3760138839206;5;12;26/12/2018;17h04;
3760138839220;6;0;26/12/2018;17h04;
3760138839398;13;0;26/12/2018;17h04;
3760138840042;1;0;26/12/2018;17h04;
3760138840059;3;0;26/12/2018;17h04;
3760138840066;4;0;26/12/2018;17h04;
3760138840073;5;0;26/12/2018;17h04;
3760138840110;15;0;26/12/2018;17h04;
3760138840394;2;22;26/12/2018;17h04;
3760147150019;-1;0;26/12/2018;17h04;
3760147150033;12;0;26/12/2018;17h04;
3760147150057;6;0;26/12/2018;17h04;
3760147150118;8;0;26/12/2018;17h04;
3760147150125;0;0;26/12/2018;17h04;
3760147150132;18;0;26/12/2018;17h04;
3760147150149;7;0;26/12/2018;17h04;
3760147150262;5;0;26/12/2018;17h04;
3760147151016;17;0;26/12/2018;17h04;
3760147151030;16;0;26/12/2018;17h04;
3760147151139;4;0;26/12/2018;17h04;
3760147151146;15;0;26/12/2018;17h04;
3760147151269;16;0;26/12/2018;17h04;
3760147735049;0;0;26/12/2018;17h04;
3760153950016;0;0;26/12/2018;17h04;
3760153950030;0;6;26/12/2018;17h04;
3760153950047;0;4;26/12/2018;17h04;
3760153950054;0;4;26/12/2018;17h04;
3760153950061;0;4;26/12/2018;17h04;
3760153950078;0;4;26/12/2018;17h04;
3760153950085;53;0;26/12/2018;17h04;
3760153950108;0;2;26/12/2018;17h04;
3760153950115;0;2;26/12/2018;17h04;
3760153950122;0;4;26/12/2018;17h04;
3760153950139;0;4;26/12/2018;17h04;
3760153950146;0;2;26/12/2018;17h04;
3760153950153;0;2;26/12/2018;17h04;
3760153950160;0;4;26/12/2018;17h04;
3760153950177;0;6;26/12/2018;17h04;
3760153950184;0;12;26/12/2018;17h04;
3760153950191;0;12;26/12/2018;17h04;
3760153950207;0;24;26/12/2018;17h04;
3760153950214;0;24;26/12/2018;17h04;
3760153950221;0;24;26/12/2018;17h04;
3760153950245;0;30;26/12/2018;17h04;
3760153950269;0;24;26/12/2018;17h04;
3760153950276;0;30;26/12/2018;17h04;
3760180860012;0;0;26/12/2018;17h04;
3760189980704;10;0;26/12/2018;17h04;
3760189980711;12;0;26/12/2018;17h04;
3760189980728;0;0;26/12/2018;17h04;
3760189980735;8;0;26/12/2018;17h04;
3760189980742;12;0;26/12/2018;17h04;
3760198300234;68;0;26/12/2018;17h04;
3760200010014;31;0;26/12/2018;17h04;
3760205350030;8;0;26/12/2018;17h04;
3760247710106;21;0;26/12/2018;17h04;
3760258900015;9;0;26/12/2018;17h04;
3760258900060;17;0;26/12/2018;17h04;
3760258900114;22;0;26/12/2018;17h04;
3760258900275;9;0;26/12/2018;17h04;
3760270910016;35;0;26/12/2018;17h04;
3760270910023;-1;0;26/12/2018;17h04;
3760270910047;9;0;26/12/2018;17h04;
3760270910054;30;0;26/12/2018;17h04;
3760270910061;5;0;26/12/2018;17h04;
3760270910085;16;0;26/12/2018;17h04;
3760270910177;0;0;26/12/2018;17h04;
3760270910238;0;0;26/12/2018;17h04;
3760270910269;5;0;26/12/2018;17h04;
3760270910306;19;0;26/12/2018;17h04;
3770001496245;8;0;26/12/2018;17h04;
3770001496672;6;0;26/12/2018;17h04;
3770002841020;0;0;26/12/2018;17h04;
3770002841198;0;0;26/12/2018;17h04;
3770002841693;0;0;26/12/2018;17h04;
3770008034013;0;0;26/12/2018;17h04;
3770008034075;10;0;26/12/2018;17h04;
3770008034099;9;0;26/12/2018;17h04;
3770008034105;8;0;26/12/2018;17h04;
3770008034129;0;0;26/12/2018;17h04;
3770008034136;7;0;26/12/2018;17h04;
3770008034211;7;0;26/12/2018;17h04;
3770008034273;0;0;26/12/2018;17h04;
3770008034358;27;0;26/12/2018;17h04;
3770008034372;5;0;26/12/2018;17h04;
3770008034440;7;0;26/12/2018;17h04;
3770008034464;19;0;26/12/2018;17h04;
3770008034495;0;0;26/12/2018;17h04;
3770008034501;20;0;26/12/2018;17h04;
3770008034518;10;0;26/12/2018;17h04;
3770008034525;10;0;26/12/2018;17h04;
3770008034532;5;0;26/12/2018;17h04;
3874855001034;25;0;26/12/2018;17h04;
4004060420583;34;0;26/12/2018;17h04;
4004060422600;1;0;26/12/2018;17h04;
4004094153686;3;10;26/12/2018;17h04;
4008284781505;0;30;26/12/2018;17h04;
4009831401952;5;0;26/12/2018;17h04;
4019555920080;21;0;26/12/2018;17h04;
4039468007814;11;0;26/12/2018;17h04;
4046871002992;9;0;26/12/2018;17h04;
4046871003029;13;0;26/12/2018;17h04;
4046871004569;33;0;26/12/2018;17h04;
4046871004712;14;0;26/12/2018;17h04;
5060053021112;0;4;26/12/2018;17h04;
5060053022225;0;4;26/12/2018;17h04;
5178120078874;12;0;26/12/2018;17h04;
5201203030039;0;0;26/12/2018;17h04;
5201892042238;21;0;26/12/2018;17h04;
5400164110525;11;0;26/12/2018;17h04;
5400164115049;10;0;26/12/2018;17h04;
5400164164009;-2;36;26/12/2018;17h04;
5400164164016;10;0;26/12/2018;17h04;
5400164164931;21;0;26/12/2018;17h04;
5400313009465;8;0;26/12/2018;17h04;
7109612172556;0;0;26/12/2018;17h04;
7109612564269;0;0;26/12/2018;17h04;
7109615145281;0;0;26/12/2018;17h04;
7109615222678;3;0;26/12/2018;17h04;
7109615529838;5;0;26/12/2018;17h04;
7109615546927;0;0;26/12/2018;17h04;
7109617550694;0;0;26/12/2018;17h04;
7109617710777;1;0;26/12/2018;17h04;
7109618281405;0;0;26/12/2018;17h04;
7612052206380;1;0;26/12/2018;17h04;
7612052206410;-1;48;26/12/2018;17h04;
7612052206427;11;12;26/12/2018;17h04;
7612052206441;29;0;26/12/2018;17h04;
7612052206458;22;0;26/12/2018;17h04;
7726248624862;0;0;26/12/2018;17h04;
7894862486248;0.635;0;26/12/2018;17h04;
8000215204219;21;0;26/12/2018;17h04;
8000215204226;0;12;26/12/2018;17h04;
8000215204370;47;0;26/12/2018;17h04;
8000215204394;12;0;26/12/2018;17h04;
8000215204554;11;0;26/12/2018;17h04;
8015602000367;5;0;26/12/2018;17h04;
8016438001184;1;36;26/12/2018;17h04;
8019428005001;-1;60;26/12/2018;17h04;
8712153027118;9;0;26/12/2018;17h04;
8712153027156;-3;24;26/12/2018;17h04;
8712153270903;7;24;26/12/2018;17h04;
8712153627103;12;0;26/12/2018;17h04;
8713938000067;0;0;26/12/2018;17h04;
8713938000111;17;0;26/12/2018;17h04;
8713938000777;1;12;26/12/2018;17h04;
8713938000807;11;0;26/12/2018;17h04;
8713938003365;7;0;26/12/2018;17h04;
8717496900135;32;0;26/12/2018;17h04;
8717496900159;5;12;26/12/2018;17h04;
8717496900425;13;0;26/12/2018;17h04;
8717496900630;1;18;26/12/2018;17h04;
8717496903488;13;0;26/12/2018;17h04;
8717496903617;12;0;26/12/2018;17h04;
8717496903907;21;0;26/12/2018;17h04;
8717496904799;15;0;26/12/2018;17h04;
8717496907356;8;0;26/12/2018;17h04;
8717496907455;14;0;26/12/2018;17h04;
8718976015905;23;0;26/12/2018;17h04;
8718976016261;24;0;26/12/2018;17h04;
9708040000004;0;0;26/12/2018;17h04;
9782953709216;4;0;26/12/2018;17h04;
9782953709223;4;0;26/12/2018;17h04;
9782953709230;4;0;26/12/2018;17h04;
9782953709247;3;0;26/12/2018;17h04;
9782953709254;4;0;26/12/2018;17h04;
9782953709261;3;0;26/12/2018;17h04;
9782953954777;16;0;26/12/2018;17h04;
